query,page,clicks,impressions,ctr_percent,position
панда суші,https://pandasushi.od.ua/,2,17,11.76,7.2
доставка одесса круглосуточно,https://pandasushi.od.ua/,1,1,100.00,1.0
заказать суши круглосуточно,https://pandasushi.od.ua/,1,1,100.00,4.0
панда суші,https://pandasushi.od.ua/delivery.html,1,1,100.00,3.0
суші одеса,https://pandasushi.od.ua/,1,12,8.33,30.2
all about poke near me,https://pandasushi.od.ua/poke.html,0,1,0.00,65.0
alpine sushi,https://pandasushi.od.ua/nigiri.html,0,1,0.00,59.0
panda,https://pandasushi.od.ua/,0,4,0.00,17.0
panda ekisu,https://pandasushi.od.ua/,0,1,0.00,8.0
panda mass,https://pandasushi.od.ua/,0,1,0.00,100.0
panda menu,https://pandasushi.od.ua/,0,1,0.00,32.0
panda menu,https://pandasushi.od.ua/menu.html,0,1,0.00,49.0
panda st,https://pandasushi.od.ua/,0,1,0.00,3.0
panda su,https://pandasushi.od.ua/,0,2,0.00,56.5
panda su,https://pandasushi.od.ua/supy.html,0,1,0.00,72.0
panda sushi,https://pandasushi.od.ua/,0,8,0.00,9.8
panda sushi,https://pandasushi.od.ua/menu.html,0,2,0.00,79.5
panda sushi menu,https://pandasushi.od.ua/,0,1,0.00,13.0
pandasushi,https://pandasushi.od.ua/,0,2,0.00,5.0
pande,https://pandasushi.od.ua/,0,1,0.00,8.0
planada sushi,https://pandasushi.od.ua/,0,2,0.00,2.0
sushi panda,https://pandasushi.od.ua/,0,2,0.00,12.0
vs panda,https://pandasushi.od.ua/,0,1,0.00,59.0
банда суши,https://pandasushi.od.ua/,0,1,0.00,7.0
велика риба доставка одеса,https://pandasushi.od.ua/,0,1,0.00,9.0
доставка,https://pandasushi.od.ua/,0,1,0.00,1.0
доставка еды в комендантский час одесса,https://pandasushi.od.ua/,0,9,0.00,10.2
доставка еды круглосуточно одесса,https://pandasushi.od.ua/,0,1,0.00,4.0
доставка еды одесса круглосуточно,https://pandasushi.od.ua/,0,2,0.00,9.0
доставка роли одеса,https://pandasushi.od.ua/,0,5,0.00,29.8
доставка роли одеса,https://pandasushi.od.ua/sety.html,0,4,0.00,69.0
доставка роллов одесса,https://pandasushi.od.ua/,0,5,0.00,63.6
доставка роллы одесса,https://pandasushi.od.ua/,0,5,0.00,58.8
доставка ролів одеса,https://pandasushi.od.ua/,0,4,0.00,28.0
доставка ролів одеса,https://pandasushi.od.ua/sety.html,0,4,0.00,68.0
доставка суши круглосуточно,https://pandasushi.od.ua/,0,1,0.00,4.0
доставка суши одесса,https://pandasushi.od.ua/,0,10,0.00,32.0
доставка суші одеса,https://pandasushi.od.ua/,0,13,0.00,29.9
доставка їжі одеса,https://pandasushi.od.ua/,0,2,0.00,22.0
е суши одесса,https://pandasushi.od.ua/,0,1,0.00,28.0
еда доставка одесса,https://pandasushi.od.ua/,0,1,0.00,4.0
заказать роллы одесса,https://pandasushi.od.ua/,0,5,0.00,75.0
заказать суши в одессе,https://pandasushi.od.ua/,0,4,0.00,68.5
заказать суши одесса,https://pandasushi.od.ua/,0,8,0.00,55.4
замовити роли одеса,https://pandasushi.od.ua/,0,5,0.00,31.6
замовити роли одеса,https://pandasushi.od.ua/sety.html,0,5,0.00,62.0
замовити суші в одесі,https://pandasushi.od.ua/,0,3,0.00,38.0
замовити суші одеса,https://pandasushi.od.ua/,0,5,0.00,37.6
кафе панда,https://pandasushi.od.ua/,0,1,0.00,4.0
круглосуточная доставка еды одесса,https://pandasushi.od.ua/,0,1,0.00,1.0
круглосуточная доставка суши,https://pandasushi.od.ua/,0,1,0.00,10.0
купить суши одесса,https://pandasushi.od.ua/,0,1,0.00,36.0
одеса sushi,https://pandasushi.od.ua/,0,1,0.00,27.0
одеса суші,https://pandasushi.od.ua/,0,4,0.00,35.3
одесса заказать суши,https://pandasushi.od.ua/,0,1,0.00,51.0
одесса суши,https://pandasushi.od.ua/,0,6,0.00,46.2
панда меню,https://pandasushi.od.ua/,0,3,0.00,15.7
панда меню,https://pandasushi.od.ua/menu.html,0,2,0.00,56.0
панда меню,https://pandasushi.od.ua/sety.html,0,1,0.00,73.0
панда піца,https://pandasushi.od.ua/,0,1,0.00,57.0
панда суши,https://pandasushi.od.ua/,0,21,0.00,8.2
панда суши,https://pandasushi.od.ua/about.html,0,1,0.00,90.0
панда суши,https://pandasushi.od.ua/contacts.html,0,1,0.00,83.0
панда суши,https://pandasushi.od.ua/delivery.html,0,1,0.00,3.0
панда суши,https://pandasushi.od.ua/menu.html,0,2,0.00,39.5
панда суши киев,https://pandasushi.od.ua/,0,1,0.00,13.0
панда суши южный,https://pandasushi.od.ua/,0,5,0.00,8.0
панда суші,https://pandasushi.od.ua/menu.html,0,1,0.00,64.0
панда суші,https://pandasushi.od.ua/sety.html,0,3,0.00,8.7
панда суші вінниця,https://pandasushi.od.ua/,0,1,0.00,20.0
панда щасливе,https://pandasushi.od.ua/,0,1,0.00,6.0
панда южный,https://pandasushi.od.ua/,0,6,0.00,8.3
пандасуши,https://pandasushi.od.ua/,0,3,0.00,8.3
пандасуші,https://pandasushi.od.ua/,0,2,0.00,7.5
роли одеса,https://pandasushi.od.ua/,0,2,0.00,33.0
роллы доставка одесса,https://pandasushi.od.ua/,0,1,0.00,50.0
суши 7 небо,https://pandasushi.od.ua/,0,1,0.00,39.0
суши аркадія,https://pandasushi.od.ua/,0,1,0.00,26.0
суши банда,https://pandasushi.od.ua/,0,1,0.00,7.0
суши в одессе,https://pandasushi.od.ua/,0,1,0.00,66.0
суши в одессе доставка,https://pandasushi.od.ua/,0,2,0.00,45.0
суши доставка одесса,https://pandasushi.od.ua/,0,6,0.00,38.0
суши заказать одесса,https://pandasushi.od.ua/,0,1,0.00,52.0
суши круглосуточно,https://pandasushi.od.ua/,0,1,0.00,5.0
суши круглосуточно доставка,https://pandasushi.od.ua/,0,2,0.00,3.0
суши на дом одесса,https://pandasushi.od.ua/,0,1,0.00,53.0
суши нигира заказать,https://pandasushi.od.ua/nigiri.html,0,2,0.00,54.5
суши нигири доставка,https://pandasushi.od.ua/nigiri.html,0,2,0.00,35.5
суши одесса,https://pandasushi.od.ua/,0,22,0.00,37.9
суши одесса доставка,https://pandasushi.od.ua/,0,11,0.00,35.5
суши одесса заказать,https://pandasushi.od.ua/,0,4,0.00,43.5
суши одесса круглосуточно,https://pandasushi.od.ua/,0,3,0.00,6.0
суши пан,https://pandasushi.od.ua/,0,1,0.00,11.0
суши панда,https://pandasushi.od.ua/,0,15,0.00,7.7
суши панда,https://pandasushi.od.ua/sety.html,0,1,0.00,12.0
суши панда симферополь,https://pandasushi.od.ua/,0,1,0.00,13.0
суши панда южный,https://pandasushi.od.ua/,0,5,0.00,8.4
суши с доставкой одесса,https://pandasushi.od.ua/,0,1,0.00,45.0
суши счастливое,https://pandasushi.od.ua/,0,1,0.00,19.0
суши фонтанка,https://pandasushi.od.ua/,0,2,0.00,31.5
сушипанда,https://pandasushi.od.ua/,0,1,0.00,1.0
сушия одесса,https://pandasushi.od.ua/,0,1,0.00,39.0
суші в одесі,https://pandasushi.od.ua/,0,3,0.00,34.3
суші доставка одеса,https://pandasushi.od.ua/,0,6,0.00,31.5
суші одеса доставка,https://pandasushi.od.ua/,0,8,0.00,26.5
суші одеса замовити,https://pandasushi.od.ua/,0,6,0.00,38.8
суші панда,https://pandasushi.od.ua/,0,1,0.00,12.0
сущи панда,https://pandasushi.od.ua/,0,1,0.00,9.0
